silence,vowel
0.09871903217499813,0.1999806231263597
0.16590853755624008,0.4599600713009592
0.08885593289944024,0.23022254435115735
0.1503090274210585,0.18561159138738811
