silence,vowel
0.4124300903630899,0.4338125864650781
0.4886295276526551,0.19523467198225866
0.3923269070945693,0.4040037007553553
0.38080029898507095,0.3561229155538656
