silence,vowel
0.5781484570475397,0.5847493627867458
0.5660781367392937,0.5867203219315895
0.6509243794275182,0.6144144144144144
0.6231660231660232,0.62869623655914
